Iris-versicolor,Sepal-length,Sepal-width,Petal-length,Petal-width
count,50.0,50.0,50.0,50.0
mean,4.26,1.3259999999999998,5.936,2.7700000000000005
std,0.4699109772399581,0.19775268000454396,0.5161711470638635,0.3137983233784114
min,3.0,1.0,4.9,2.0
25%,4.0,1.2,5.6,2.525
50%,4.35,1.3,5.9,2.8
75%,4.6,1.5,6.3,3.0
max,5.1,1.8,7.0,3.4
