Iris-virginica,Sepal-length,Sepal-width,Petal-length,Petal-width
count,50.0,50.0,50.0,50.0
mean,5.5520000000000005,2.026,6.587999999999997,2.974
std,0.5518946956639835,0.2746500556366673,0.635879593274432,0.3224966381726376
min,4.5,1.4,4.9,2.2
25%,5.1,1.8,6.2250000000000005,2.8
50%,5.55,2.0,6.5,3.0
75%,5.875000000000001,2.3,6.9,3.1750000000000003
max,6.9,2.5,7.9,3.8
