Iris-setosa,Sepal-length,Sepal-width,Petal-length,Petal-width
count,50.0,50.0,50.0,50.0
mean,1.464,0.2439999999999999,5.0059999999999985,3.4180000000000006
std,0.1735111594364455,0.10720950308167836,0.3524896872134512,0.38102439795469095
min,1.0,0.1,4.3,2.3
25%,1.4,0.2,4.8,3.125
50%,1.5,0.2,5.0,3.4
75%,1.5750000000000002,0.3,5.2,3.675
max,1.9,0.6,5.8,4.4
